{
    "loss": 3.012854814529419,
    "accuracy": 0.8273381590843201
}