{
    "loss": 13.307686805725098,
    "accuracy": 0.5035971403121948
}