{
    "loss": 6.115397930145264,
    "accuracy": 0.5395683646202087
}